<?xml version="1.0" encoding="UTF-8"?>
<persistence version="2.1" xmlns="http://xmlns.jcp.org/xml/ns/persistence" xmlns:xsi="http://www.w3.org/2001/XMLSchema-instance" xsi:schemaLocation="http://xmlns.jcp.org/xml/ns/persistence http://xmlns.jcp.org/xml/ns/persistence/persistence_2_1.xsd">
  <persistence-unit name="com.mycompany.alumnogrupo_AlumnoGrupo_jar_1.0-SNAPSHOTPU" transaction-type="RESOURCE_LOCAL">
    <provider>org.eclipse.persistence.jpa.PersistenceProvider</provider>
    <class>entidades.Asignatura</class>
    <class>entidades.AlumnoAsignatura</class>
    <class>entidades.Alumno</class>
    <class>entidades.Grupo</class>
    <properties>
      <property name="javax.persistence.jdbc.url" value="jdbc:mysql://localhost:3306/usuariosygrupos?zeroDateTimeBehavior=CONVERT_TO_NULL"/>
      <property name="javax.persistence.jdbc.user" value="usuario"/>
      <property name="javax.persistence.jdbc.driver" value="com.mysql.cj.jdbc.Driver"/>
      <property name="javax.persistence.jdbc.password" value="usuario"/>
    </properties>
  </persistence-unit>
</persistence>
