<?xml version="1.0" encoding="UTF-8"?>
<project-private xmlns="http://www.netbeans.org/ns/project-private/1">
    <editor-bookmarks xmlns="http://www.netbeans.org/ns/editor-bookmarks/2" lastBookmarkId="0"/>
    <open-files xmlns="http://www.netbeans.org/ns/projectui-open-files/2">
        <group>
            <file>file:/C:/Users/MariaJose%20Valverde/Documents/NetBeansProjects/pruebaHerenciaJPA/src/entidades/Programador.java</file>
            <file>file:/C:/Users/MariaJose%20Valverde/Documents/NetBeansProjects/pruebaHerenciaJPA/src/entidades/Tester.java</file>
            <file>file:/C:/Users/MariaJose%20Valverde/Documents/NetBeansProjects/pruebaHerenciaJPA/src/controllers/ProgramadorJpaController.java</file>
            <file>file:/C:/Users/MariaJose%20Valverde/Documents/NetBeansProjects/pruebaHerenciaJPA/src/META-INF/persistence.xml</file>
            <file>file:/C:/Users/MariaJose%20Valverde/Documents/NetBeansProjects/pruebaHerenciaJPA/src/entidades/Persona.java</file>
            <file>file:/C:/Users/MariaJose%20Valverde/Documents/NetBeansProjects/pruebaHerenciaJPA/src/controllers/PersonaJpaController.java</file>
            <file>file:/C:/Users/MariaJose%20Valverde/Documents/NetBeansProjects/pruebaHerenciaJPA/src/pruebaherenciajpa/PruebaHerenciaJPA.java</file>
        </group>
    </open-files>
</project-private>
